path	size_bytes	sha256
02_reference_operon_extraction/operon.gb	17856	2d5df1b5eb9f3202d86cf127b7f429aefcaf0aece7e7f86f557cc12123ee78b8
02_reference_operon_extraction/output/operon_genes.tsv	3736	8aba448b64d501ae801b7591740de649d79e1e28f3ab16a63d11c469f750dcd8
02_reference_operon_extraction/output/operon_genes_nt.fasta	7838	a04e0545fe139335487570f72e819e4ffb3c2a59e0cfb460d7e505328aca86b8
02_reference_operon_extraction/output/operon_genes_protein.fasta	2895	868fb5bc61344528aec61e79e2e844f703850a6fd2df4defd62cf3c6ecc5acea
02_reference_operon_extraction/output/operon_noncoding_nt.fasta	683	36819a7672cc1eefdeed58c0c4ff5c40656f65155794e80225210d6eaf779ea9
13a_new_reference_operon_extraction/FL_operon_with_SNPs.gb	18226	14e2435376d3b3422b3547ac5914beb4c4e726c1d09a69fde0c33037d29a2da3
13a_new_reference_operon_extraction/output/operon_genes.tsv	3273	4c75d7461e0685a43248e36c6629408ec3dd9b5e208254e1d0e91c4b236c5899
13a_new_reference_operon_extraction/output/operon_genes_nt.fasta	7859	51364f3d886778a121f1dfabb2adacbbb60bc733dda02a63dc858ae34ebd0e7b
13a_new_reference_operon_extraction/output/operon_genes_protein.fasta	2916	5146d8c9ff488525e361caacf581171c9076fcc2020d33dbb47b3abe87c74f81
13a_new_reference_operon_extraction/output/operon_regulatory_nt.fasta	111	cb41aad76a1b36907a027b58a323e43cdcf90945bb808bb2fe14bd0e32c543a3
13a_new_reference_operon_extraction/output/operon_variations.tsv	81	7c5f8d7d79edd8bf307c00cf7d327ebc1bdcf294d879ca73632f7c337a075954
13e_full_operon_mapping/output_full_run/legacy_position_summary.tsv	225795	6d932f47b2297d3b5422fa6803fbb92eb4fd6df84ff7363e72697a7f2f2c925c
13e_full_operon_mapping/output_full_run/position_stats/combined_position_summary.tsv	558386	2b7ae4a48940fd3c12bc65b8430296ac42f9910f1191f420d6bcf4d97401ebf9
13e_full_operon_mapping/output_full_run/position_stats/combined_position_summary_known_variations.tsv	1173484	eb31104cc9961dd9770b76fccdb2832139d9381611f6f51381e22049e5fc304a
13e_full_operon_mapping/output_full_run/position_stats/coverage_counts.tsv	153126	c5042fa1e241855a03071cd3c6569688fe1631347403dae9d3aca551c61444a1
13e_full_operon_mapping/output_full_run/position_stats/insertion_hotspots.tsv	1437	f40d8a4e0edbfa91dcedf2831906375132036c60f00e62302bbe515ed7e7c780
13e_full_operon_mapping/output_full_run/position_stats/known_variation_reference.tsv	201	f0c107412a2389bc8dae7d5dfa16eb8b7697e242fb4f9e98506a3cdc4e462055
13e_full_operon_mapping/output_full_run/position_stats/known_variation_subset.tsv	1788	b2c56ebd34f878890ab916a8593b601b922a092ed338eef16e0bfe02d1b89ea7
13e_full_operon_mapping/output_full_run/position_stats/legacy_position_summary.tsv	275301	0031d9ccfab07a9ef9bf1c0d52005597bd7730622d81410f999ff3178f2e02f0
13e_full_operon_mapping/output_full_run/position_stats/position_metric_summary.tsv	395	abfa5cd2f9b2cc9f99671ad4fa124008a4370b56774f027ba2f2b1ff5ccde09b
13e_full_operon_mapping/output_full_run/position_stats/updated_position_summary.tsv	273509	7f6d14ad940d1e8d5d19afd331a1423dd02f791421753e6bc8d206125d861618
13e_full_operon_mapping/output_full_run/summary.txt	386	0d43ccab17487c4e87445073ea326141801518dfa72cf2400d67146536e12064
13e_full_operon_mapping/output_full_run/updated_position_summary.tsv	224309	aac1fbfcd0e6359a30c5d36876ed6907def1d5bf6435001621f4cfbd9f51e6db
13e_full_operon_mapping/output_full_run/variant_site_allele_counts.tsv	1000	e7e37c34c47a764fe17e1cb183e66a6ad605470e230471e2fcae89f403d903c2
13e_full_operon_mapping/output_full_run/variant_site_calls.tsv	4070897	6fc0ae33d8b56ddb8c1cd2c5d8120d7e70b0475711c28782aa0ce11acfb2f95b
13e_full_operon_mapping/output_full_run/variant_site_summary.tsv	676	60ef10ac012d44884eadcd86751b3b58e29884ea80843728cb0c0d9976767b77
